Insert into User(UserID,username,userPass,userFName,userLName)
Values (1,llace02,112233,Ryan,shepherd)
Insert into User(UserID,username,userPass,userFName,userLName)
Values (2,Dmoore,hello1,Devin,Moore)
Insert into User(UserID,username,userPass,userFName,userLName)
Values (3,cturner,cturner1,Christina,Turner)
Insert into User(UserID,username,userPass,userFName,userLName)
Values (4,eshepher,eshep1,Edwin,shepherd)
Insert into User(UserID,username,userPass,userFName,userLName)
Values (5,Mjordan,Mjor23,Micheal,Jordan)
Insert into User(UserID,username,userPass,userFName,userLName)
Values (6,oHansen,ohans1,Ola,Hansen)
Insert into User(UserID,username,userPass,userFName,userLName)
Values (7,Tsvends,Tsvends1,Tove,svendson)
Insert into User(UserID,username,userPass,userFName,userLName)
Values (8,kPetter,KPetter1,Kari,Pettersen)
Insert into User(UserID,username,userPass,userFName,userLName)
Values (9,Tweekes,Tweekes1,Travor,Weekes)
Insert into User(UserID,username,userPass,userFName,userLName)
Values (10,NMelous,NMelous123,Neo,Melous)

Insert into Phone(userID, phoneNum)
values (1, (321)564-8901)
Insert into Phone(userID, phoneNum)
values (2, (562)908-5706)
Insert into Phone(userID, phoneNum)
values (3, (321)554-5869)
Insert into Phone(userID, phoneNum)
values (4, (342)987-6753)
Insert into Phone(userID, phoneNum)
values (5, (321)123-6784)
Insert into Phone(userID, phoneNum)
values (6, (675)453-6759)
Insert into Phone(userID, phoneNum)
values (7, (567)334-8753)
Insert into Phone(userID, phoneNum)
values (8, (321)564-8901)
Insert into Phone(userID, phoneNum)
values (9, (246)983-5576)
Insert into Phone(userID, phoneNum)
values (10, (724)119-8756)

insert into Address(addressID, street1, street2, city, state)
values (1, 1215 mason road, Brooklyn, CO)
insert into Address(addressID, street1, street2, city, state)
values (2, 101 High Ground St, Manhattan, NY)
insert into Address(addressID, street1, street2, city, state)
values (3, 224 lakeview drvie, Brooklyn, CO)
insert into Address(addressID, street1, street2, city, state)
values (4, 1232 apt b fallback Rd, S.Richmond Hill, DE)
insert into Address(addressID, street1, street2, city, state)
values (8, 1215 mason road, Brooklyn, CO)

insert into UserRoles(roleId,roleName)
values (1,Teacher)
insert into UserRoles(roleId,roleName)
values (2,Student)
insert into UserRoles(roleId,roleName)
values (3,Parent)

insert into userRole(userID,roleID)
values (1,2)
insert into userRole(userID,roleID)
values (2,2)
insert into userRole(userID,roleID)
values (3,1)
insert into userRole(userID,roleID)
values (4,2)
insert into userRole(userID,roleID)
values (5,3)
insert into userRole(userID,roleID)
values (6,3)
insert into userRole(userID,roleID)
values (7,2)
insert into userRole(userID,roleID)
values (8,1)
insert into userRole(userID,roleID)
values (9,3)
insert into userRole(userID,roleID)
values (10,1)

insert into Parent(parentID)
value  (5)
insert into Parent(parentID)
value  (6)
insert into Parent(parentID)
value  (9)

insert into Student(studentID,parentID)
values (2,6)
insert into Student(studentID,parentID)
values (4,5)
insert into Student(studentID,parentID)
values (1,8)
insert into Student(studentID,parentID)
values (7,6)

insert into Teacher(teacherID)
value  (3)
insert into Teacher(teacherID)
value  (8)
insert into Teacher(teacherID)
value  (10)

insert into Homeroom (homeroomID,classNumber,teacherID)
values (1, Math101, 3)
insert into Homeroom (homeroomID,classNumber,teacherID)
values (2, Freshman English , 8)
insert into Homeroom (homeroomID,classNumber,teacherID)
values (3, Spanish1, 10)
insert into Homeroom (homeroomID, classNumber,teacherID0
Values (4, Spanish2, 10)

insert into StudentHomeroom (studentID, homeroomID)
Values (2,3)
insert into StudentHomeroom (studentID, homeroomID)
Values (4,1)
insert into StudentHomeroom (studentID, homeroomID)
Values (1,4)
insert into StudentHomeroom (studentID, homeroomID)
Values (7,2)

insert into AssignedDemerits (assignedDemeritID,demeritDate,demeritTime,teacherID)
values (7, 11/1/09, 1:00 PM, 10)
insert into AssignedDemerits(assignedDemeritID,demeritDate,demeritTime,teacherID)
Values (2,11/1/09, 9:30 AM, 3)
insert into AssignedDemerits (assignedDemeritID,demeritDate,demeritTime,teacherID)
values (4, 08/1/09, 2:10 PM, 10)
insert into AssignedDemerits (assignedDemeritID,demeritDate,demeritTime,teacherID)
values (7, 11/1/09, 8:35 AM, 8)
insert into AssignedDemerits (assignedDemeritID,demeritDate,demeritTime,teacherID)
values (6, 12/11/09, 12:00 PM, 8)
insert into AssignedDemerits (assignedDemeritID,demeritDate,demeritTime,teacherID)
values (5, 05/10/09, 1:00 PM, 3)
insert into AssignedDemerits (assignedDemeritID,demeritDate,demeritTime,teacherID)
values (1, 01/17/10, 11:00 AM, 8)

insert into Demerits (demeritID,assignedDemeritID)
values (3, 7)
insert into Demerits (demeritID,assignedDemeritID)
values (4, 2)
insert into Demerits (demeritID,assignedDemeritID)
values (1, 4)
insert into Demerits (demeritID,assignedDemeritID)
values (2, 7)
insert into Demerits (demeritID,assignedDemeritID)
values (5, 6)
insert into Demerits (demeritID,assignedDemeritID)
values (8, 5)
insert into Demerits (demeritID,assignedDemeritID)
values (6, 1)

insert into DemeritList (demeritID, assignedDemeritID)
values (1,4)
insert into DemeritList (demeritID, assignedDemeritID)
values (2,7)
insert into DemeritList (demeritID, assignedDemeritID)
values (3,7)
insert into DemeritList (demeritID, assignedDemeritID)
values (4,2)
insert into DemeritList (demeritID, assignedDemeritID)
values (5,6)
insert into DemeritList (demeritID, assignedDemeritID)
values (6,1)
insert into DemeritList (demeritID, assignedDemeritID)
values (8,5)

insert into UserDemerits (assignedDemeritId, StudentID)
Values (1,8)
insert into UserDemerits (assignedDemeritId, StudentID)
Values (2,2)
insert into UserDemerits (assignedDemeritId, StudentID)
Values (3,4)
insert into UserDemerits (assignedDemeritId, StudentID)
Values (4,1)
insert into UserDemerits (assignedDemeritId, StudentID)
Values (5,8)
insert into UserDemerits (assignedDemeritId, StudentID)
Values (6,2)
insert into UserDemerits (assignedDemeritId, StudentID)
Values (8,1)

insert into Dentention (detentionID, detentionDate)
values (2, 12/17/09)
insert into Dentention (detentionID, detentionDate)
values (11, 11/17/09)
insert into Dentention (detentionID, detentionDate)
values (4, 8/01/09)
insert into Dentention (detentionID, detentionDate)
values (1, 1/24/10)

insert into StudentDetention (studentID, detentionID)
Values (1,11)
insert into StudentDetention (studentID, detentionID)
Values (2,1)
insert into StudentDetention (studentID, detentionID)
Values (4,2)
insert into StudentDetention (studentID, detentionID)
Values (8,4)

insert into StudentDemeritDetention (StudentID, assignedDemeritID, detentionID)
Values (1, 5, 11)
insert into StudentDemeritDetention (StudentID, assignedDemeritID, detentionID)
Values (2, 8, 1)
insert into StudentDemeritDetention (StudentID, assignedDemeritID, detentionID)
Values (3, 6, 2)
insert into StudentDemeritDetention (StudentID, assignedDemeritID, detentionID)
Values (4, 4, 4)

